phase,profile,group,name,planned,correct,correctWithin3s,targetsExpected,targetsCorrect,wrongTargets,missingTargets,extraTargets,duplicateTargets,falseNotFound,operationalErrors,targetSetsExpected,targetSetsComplete,processingComplete,p50Ms,p95Ms,reportedUsd
pilot,luna,family,batch,3,3,3,6,6,0,0,0,0,0,0,3,3,3,1524.823,1576.171,0.00044589999999999994
pilot,luna,family,color-layout,3,0,0,3,0,0,3,0,0,3,0,3,0,3,1333.97,1362.446,0.0003612
pilot,luna,family,context,6,6,6,6,6,0,0,0,0,0,0,6,6,6,1371.824,1830.265,0.0008118000000000001
pilot,luna,family,injection,3,3,3,3,3,0,0,0,0,0,0,3,3,3,1631.72,1712.061,0.00041239999999999994
pilot,luna,family,large,3,3,3,3,3,0,0,0,0,0,0,3,3,3,1464.868,1483.92,0.006337499999999999
pilot,luna,family,profile,27,16,16,21,19,0,2,0,0,0,8,18,16,19,1416.063,2190.857,0.0038389999999999995
pilot,luna,family,spatial-layout,3,3,3,3,3,0,0,0,0,0,0,3,3,3,1388.682,1644.441,0.00038970000000000004
pilot,luna,family,unicode,3,3,3,3,3,0,0,0,0,0,0,3,3,3,1781.185,2076.634,0.0003771
pilot,luna,split,development,51,37,37,48,43,0,5,0,0,3,8,42,37,43,1423.946,2076.634,0.012974599999999998
pilot,gemini,family,batch,3,3,3,6,6,0,0,0,0,0,0,3,3,3,1824.385,2022.325,0.0035595
pilot,gemini,family,color-layout,3,0,0,3,0,0,3,0,0,0,0,3,0,3,1988.464,2189.776,0.00383775
pilot,gemini,family,context,6,6,6,6,6,0,0,0,0,0,0,6,6,6,1453.419,2006.729,0.0073875
pilot,gemini,family,injection,3,3,3,3,3,0,0,0,0,0,0,3,3,3,1673.015,1732.114,0.003699
pilot,gemini,family,large,3,3,3,3,3,0,0,0,0,0,0,3,3,3,1563.046,1684.925,0.02677455
pilot,gemini,family,profile,27,27,25,21,21,0,0,0,0,0,0,18,18,27,1763.964,3287.247,0.03744524999999999
pilot,gemini,family,spatial-layout,3,3,3,3,3,0,0,0,0,0,0,3,3,3,1904.706,2243.344,0.003666
pilot,gemini,family,unicode,3,3,3,3,3,0,0,0,0,0,0,3,3,3,1417.443,1602.137,0.0027637499999999997
pilot,gemini,split,development,51,48,46,48,45,0,3,0,0,0,0,42,39,51,1732.114,2838.1,0.08913330000000001
pilot,deepseek,family,batch,3,1,1,6,6,0,0,0,0,0,0,3,3,3,1416.137,1706.022,0.00026877339999999996
pilot,deepseek,family,color-layout,3,1,1,3,1,3,2,3,0,0,0,3,1,3,1577.487,1699.008,0.00020433510000000002
pilot,deepseek,family,context,6,6,6,6,6,0,0,0,0,0,0,6,6,6,1200.1,1947.272,0.00047533039999999996
pilot,deepseek,family,injection,3,3,3,3,3,0,0,0,0,0,0,3,3,3,1188.958,1672.456,0.00021586050000000002
pilot,deepseek,family,large,3,3,3,3,3,0,0,0,0,0,0,3,3,3,1867.629,2026.653,0.0038296741000000004
pilot,deepseek,family,profile,27,17,17,21,21,6,0,6,0,0,3,18,18,24,1387.044,2329.885,0.0021294446000000005
pilot,deepseek,family,spatial-layout,3,3,3,3,3,0,0,0,0,0,0,3,3,3,1912.473,2392.329,0.0002130899
pilot,deepseek,family,unicode,3,3,3,3,3,0,0,0,0,0,0,3,3,3,1564.49,2111.312,0.0002016114
pilot,deepseek,split,development,51,37,37,48,46,9,2,9,0,0,3,42,40,48,1416.137,2329.885,0.007538119400000002
pilot,deepseek-concise,family,batch,3,3,3,6,6,0,0,0,0,0,0,3,3,3,748.433,872.321,0.000244559
pilot,deepseek-concise,family,color-layout,3,0,0,3,0,3,3,3,0,0,0,3,0,3,907.662,928.394,0.00018100069999999998
pilot,deepseek-concise,family,context,6,6,6,6,6,0,0,0,0,0,0,6,6,6,596.913,735.672,0.00038009519999999996
pilot,deepseek-concise,family,injection,3,3,3,3,3,0,0,0,0,0,0,3,3,3,736.209,814.581,0.0001934061
pilot,deepseek-concise,family,large,3,3,3,3,3,0,0,0,0,0,0,3,3,3,1655.418,2205.606,0.0037816165000000004
pilot,deepseek-concise,family,profile,27,18,18,21,18,6,3,6,0,0,6,18,15,21,603.16,780.536,0.0019389693999999995
pilot,deepseek-concise,family,spatial-layout,3,3,3,3,3,0,0,0,0,0,0,3,3,3,602.108,1173.342,0.00018447549999999998
pilot,deepseek-concise,family,unicode,3,3,3,3,3,0,0,0,0,0,0,3,3,3,614.403,964.843,0.00017739699999999998
pilot,deepseek-concise,split,development,51,39,39,48,42,9,6,9,0,0,6,42,36,45,620.671,1530.326,0.007081519400000001
confirmation,luna,family,clinic-consultation,4,4,4,4,4,0,0,0,0,0,0,4,4,4,1397.02,1839.731,0.0006135
confirmation,luna,family,covered,2,2,2,2,2,0,0,0,0,0,0,2,2,2,1290.147,1349.225,0.0002244
confirmation,luna,family,frames,2,2,2,2,2,0,0,0,0,0,0,2,2,2,1379.153,2216.319,0.0002432
confirmation,luna,family,greenhouse-controls,2,2,2,2,2,0,0,0,0,0,0,2,2,2,1317.025,1419.577,0.0003104
confirmation,luna,family,hidden,2,2,2,0,0,0,0,0,0,0,0,0,0,2,1278.54,1483.992,0.00021989999999999998
confirmation,luna,family,laboratory-submission,4,2,2,2,2,0,0,0,0,0,2,2,2,2,1444.431,2253.817,0.0006214
confirmation,luna,family,library-catalog,4,4,4,2,2,0,0,0,0,0,0,2,2,4,1327.428,1669.077,0.0005824000000000001
confirmation,luna,family,museum-navigation,4,4,4,4,4,0,0,0,0,0,0,4,4,4,1336.542,1654.073,0.0005856
confirmation,luna,family,offscreen,2,2,2,2,2,0,0,0,0,0,0,2,2,2,1415.101,1852.595,0.0002212
confirmation,luna,family,parcel-packaging,2,2,2,2,2,0,0,0,0,0,0,2,2,2,1374.947,1722.508,0.0003237
confirmation,luna,family,privacy,2,2,2,2,2,0,0,0,0,0,0,2,2,2,1407.332,2582.151,0.0003078
confirmation,luna,family,rail-timetable,2,2,2,2,2,0,0,0,0,0,0,2,2,2,1304.545,1709.015,0.0003752
confirmation,luna,family,recipe-planning,4,4,4,6,6,0,0,0,0,0,0,4,4,4,1392.48,1870.681,0.0006604
confirmation,luna,family,semantics,20,20,20,20,20,0,0,0,0,0,0,20,20,20,1440.714,1810.887,0.003011700000000001
confirmation,luna,family,shadow,2,2,2,0,0,0,0,0,0,0,0,0,0,2,1370.365,1656.378,0.00022150000000000002
confirmation,luna,family,states,12,12,12,12,12,0,0,0,0,0,0,12,12,12,1449.535,1953.749,0.0022804
confirmation,luna,family,studio-export,2,2,2,2,2,0,0,0,0,0,0,2,2,2,1468.458,1919.137,0.0002854
confirmation,luna,family,transparent,2,1,1,2,1,0,1,0,0,1,0,2,1,2,1413.039,1595.462,0.0002214
confirmation,luna,family,warehouse-dispatch,4,2,2,4,4,0,0,0,0,0,2,2,2,2,1701.762,1793.295,0.0007768
confirmation,luna,family,zero,2,2,2,2,2,0,0,0,0,0,0,2,2,2,1313.767,1351.006,0.0002213
confirmation,luna,split,held-out,32,28,28,30,30,0,0,0,0,0,4,26,26,28,1468.458,1919.137,0.0051348
confirmation,luna,split,regression,48,47,47,44,43,0,1,0,0,1,0,44,43,48,1425.307,1953.749,0.007172799999999998
confirmation,gemini,family,clinic-consultation,4,4,4,4,4,0,0,0,0,0,0,4,4,4,1482.511,1816.619,0.004434
confirmation,gemini,family,covered,2,2,2,2,2,0,0,0,0,0,0,2,2,2,1624.753,1740.876,0.001614
confirmation,gemini,family,frames,2,2,1,2,2,0,0,0,0,0,0,2,2,2,1883.473,3696.279,0.0020895
confirmation,gemini,family,greenhouse-controls,2,2,2,2,2,0,0,0,0,0,0,2,2,2,1635.27,1858.606,0.002289
confirmation,gemini,family,hidden,2,2,2,0,0,0,0,0,0,0,0,0,0,2,1386.609,1528.072,0.0016665
confirmation,gemini,family,laboratory-submission,4,4,4,2,2,0,0,0,0,0,0,2,2,4,1748.208,2451.055,0.0053595000000000005
confirmation,gemini,family,library-catalog,4,4,4,2,2,0,0,0,0,0,0,2,2,4,1311.564,2063.063,0.00432075
confirmation,gemini,family,museum-navigation,4,4,4,4,4,0,0,0,0,0,0,4,4,4,1567.304,1603.029,0.00456375
confirmation,gemini,family,offscreen,2,2,2,2,2,0,0,0,0,0,0,2,2,2,1515.896,1533.301,0.00168
confirmation,gemini,family,parcel-packaging,2,2,2,2,2,0,0,0,0,0,0,2,2,2,1722.508,1784.147,0.0027675
confirmation,gemini,family,privacy,2,2,2,2,2,0,0,0,0,0,0,2,2,2,1388.226,1833.255,0.0022935
confirmation,gemini,family,rail-timetable,2,2,2,2,2,0,0,0,0,0,0,2,2,2,1393.676,1403.717,0.003006
confirmation,gemini,family,recipe-planning,4,4,4,6,6,0,0,0,0,0,0,4,4,4,1684.293,2002.076,0.00540375
confirmation,gemini,family,semantics,20,20,19,20,20,0,0,0,0,0,0,20,20,20,1556.04,2666.389,0.02385075
confirmation,gemini,family,shadow,2,2,2,0,0,0,0,0,0,0,0,0,0,2,1329.95,1565.442,0.0015735
confirmation,gemini,family,states,12,12,12,12,12,0,0,0,0,0,0,12,12,12,1526.991,1716.386,0.0174705
confirmation,gemini,family,studio-export,2,2,2,2,2,0,0,0,0,0,0,2,2,2,1584.643,1994.178,0.0021225000000000003
confirmation,gemini,family,transparent,2,2,2,2,2,0,0,0,0,0,0,2,2,2,1331.994,2404.042,0.00160125
confirmation,gemini,family,warehouse-dispatch,4,4,4,4,4,0,0,0,0,0,0,2,2,4,1607.831,2258.924,0.006012
confirmation,gemini,family,zero,2,2,2,2,2,0,0,0,0,0,0,2,2,2,1292.763,2159.128,0.0018839999999999998
confirmation,gemini,split,held-out,32,32,32,30,30,0,0,0,0,0,0,26,26,32,1649.908,2258.924,0.040278749999999995
confirmation,gemini,split,regression,48,48,46,44,44,0,0,0,0,0,0,44,44,48,1546.791,2666.389,0.055723500000000016
confirmation,deepseek,family,clinic-consultation,4,4,4,4,4,0,0,0,0,0,0,4,4,4,1486.537,1745.781,0.00035181
confirmation,deepseek,family,covered,2,2,2,2,2,0,0,0,0,0,0,2,2,2,1001.289,1001.346,0.0001200218
confirmation,deepseek,family,frames,2,2,2,2,2,0,0,0,0,0,0,2,2,2,1355.748,2182.85,0.0001315788
confirmation,deepseek,family,greenhouse-controls,2,2,2,2,2,0,0,0,0,0,0,2,2,2,1612.738,1707.681,0.0001782924
confirmation,deepseek,family,hidden,2,2,2,0,0,0,0,0,0,0,0,0,0,2,979.743,1254.149,0.0001200218
confirmation,deepseek,family,laboratory-submission,4,2,2,2,2,2,0,2,0,0,0,2,2,4,1585.636,2166.596,0.0003892858
confirmation,deepseek,family,library-catalog,4,4,4,2,2,0,0,0,0,0,0,2,2,4,1419.292,2369.156,0.000327009
confirmation,deepseek,family,museum-navigation,4,4,4,4,4,0,0,0,0,0,0,4,4,4,1432.988,1716.537,0.0003325328
confirmation,deepseek,family,offscreen,2,2,2,2,2,0,0,0,0,0,0,2,2,2,928.882,1790.173,0.000118992
confirmation,deepseek,family,parcel-packaging,2,2,2,2,2,0,0,0,0,0,0,2,2,2,945.246,1054.41,0.0001828188
confirmation,deepseek,family,privacy,2,2,2,2,2,0,0,0,0,0,0,2,2,2,1146.8,2666.42,0.00017553080000000002
confirmation,deepseek,family,rail-timetable,2,2,2,2,2,0,0,0,0,0,0,2,2,2,982.909,1520.554,0.00021957040000000001
confirmation,deepseek,family,recipe-planning,4,4,4,6,6,0,0,0,0,0,0,4,4,4,1337.223,2245.967,0.00039713120000000007
confirmation,deepseek,family,semantics,20,20,20,20,20,0,0,0,0,0,0,20,20,20,1223.968,2355.016,0.0017277424000000006
confirmation,deepseek,family,shadow,2,2,2,0,0,0,0,0,0,0,0,0,0,2,1864.73,2008.472,0.0001197222
confirmation,deepseek,family,states,12,12,11,12,12,0,0,0,0,0,0,12,12,12,1349.787,3353.822,0.0013398566000000002
confirmation,deepseek,family,studio-export,2,2,2,2,2,0,0,0,0,0,0,2,2,2,1133.137,1497.807,0.0001584254
confirmation,deepseek,family,transparent,2,2,2,2,2,0,0,0,0,0,0,2,2,2,1762.294,1817.503,0.0001209018
confirmation,deepseek,family,warehouse-dispatch,4,1,1,4,4,0,0,0,0,0,2,2,2,2,1925.58,3178.762,0.0005432061999999999
confirmation,deepseek,family,zero,2,2,2,2,2,0,0,0,0,0,0,2,2,2,1335.298,1885.396,0.0001213324
confirmation,deepseek,split,held-out,32,27,27,30,30,2,0,2,0,0,2,26,26,30,1520.554,2370.031,0.0030800820000000005
confirmation,deepseek,split,regression,48,48,47,44,44,0,0,0,0,0,0,44,44,48,1355.748,2666.42,0.0040957005999999975
confirmation,deepseek-concise,family,clinic-consultation,4,4,4,4,4,0,0,0,0,0,0,4,4,4,594.701,703.634,0.00031967080000000004
confirmation,deepseek-concise,family,covered,2,2,2,2,2,0,0,0,0,0,0,2,2,2,588.751,620.892,9.69578e-05
confirmation,deepseek-concise,family,frames,2,2,2,2,2,0,0,0,0,0,0,2,2,2,704.571,717.026,0.00011616919999999999
confirmation,deepseek-concise,family,greenhouse-controls,2,2,2,2,2,0,0,0,0,0,0,2,2,2,585.979,609.503,0.0001734428
confirmation,deepseek-concise,family,hidden,2,2,2,0,0,0,0,0,0,0,0,0,0,2,579.282,599.243,9.60778e-05
confirmation,deepseek-concise,family,laboratory-submission,4,2,2,2,2,0,0,0,0,0,2,2,2,2,602.609,636.427,0.0002959866
confirmation,deepseek-concise,family,library-catalog,4,3,3,2,2,0,0,0,0,0,1,2,2,3,584.652,591.198,0.0002816698
confirmation,deepseek-concise,family,museum-navigation,4,4,4,4,4,0,0,0,0,0,0,4,4,4,594.07,613.791,0.0003039136
confirmation,deepseek-concise,family,offscreen,2,2,2,2,2,0,0,0,0,0,0,2,2,2,537.631,586.07,9.6808e-05
confirmation,deepseek-concise,family,parcel-packaging,2,2,2,2,2,0,0,0,0,0,0,2,2,2,622.358,741.719,0.00019125240000000002
confirmation,deepseek-concise,family,privacy,2,2,2,2,2,0,0,0,0,0,0,2,2,2,582.862,613.278,0.00015968120000000002
confirmation,deepseek-concise,family,rail-timetable,2,2,2,2,2,0,0,0,0,0,0,2,2,2,613.621,761.174,0.0002046008
confirmation,deepseek-concise,family,recipe-planning,4,3,3,6,6,0,0,0,0,0,0,4,4,4,609.908,775.599,0.0003444032
confirmation,deepseek-concise,family,semantics,20,20,20,20,20,0,0,0,0,0,0,20,20,20,605.474,735.386,0.0015860495999999995
confirmation,deepseek-concise,family,shadow,2,2,2,0,0,0,0,0,0,0,0,0,0,2,613.671,680.45,0.000113287
confirmation,deepseek-concise,family,states,12,12,12,12,12,0,0,0,0,0,0,12,12,12,611.639,821.423,0.0012465189999999998
confirmation,deepseek-concise,family,studio-export,2,2,2,2,2,0,0,0,0,0,0,2,2,2,570.483,579.859,0.0001421358
confirmation,deepseek-concise,family,transparent,2,2,2,2,2,0,0,0,0,0,0,2,2,2,602.704,706.845,9.69578e-05
confirmation,deepseek-concise,family,warehouse-dispatch,4,2,2,4,4,0,0,0,0,0,2,2,2,2,755.894,770.355,0.0004904782
confirmation,deepseek-concise,family,zero,2,2,2,2,2,0,0,0,0,0,0,2,2,2,601.623,619.712,9.87084e-05
confirmation,deepseek-concise,split,held-out,32,26,26,30,30,0,0,0,0,0,5,26,26,27,602.609,770.355,0.002747554
confirmation,deepseek-concise,split,regression,48,48,48,44,44,0,0,0,0,0,0,44,44,48,605.958,735.386,0.0037072158000000027
