run,trial_id,case,contract,stratum,pair,passed,failures,code,elapsed_ms,capture_ms,model_ms,validation_ms,server_total_ms,model_input_bytes,model_input_count,model_input_complete,capture_bytes,scanned_count,eligible_count,captured_count,excluded_offscreen,capture_complete,input_tokens,output_tokens,cached_tokens,reported_usd,estimated_usd,reservation_ms,reconciliation_ms,trial_sha256
viewport-baseline-live,43214a4a8ecb4b93961781865d7b7929,control-states-2-v3,3,paired,control-states-2,True,,,4461.224782000001,22.3126,4421.6132,15.412199999999757,4459.3478,3086,11,True,5471,19,11,11,0,True,1618,45,0,0.0001079,0.0001079,1724.384901999998,1594.7366769999935,a39da1fa2ed85e9036ad9f45be3d377c1bae4fdf4efaf7d226beb92c0134b963
viewport-baseline-live,2b3d0d8152524fcaa7d11f5f4fa8f573,control-states-2-v4,4,paired,control-states-2,False,operational: An unexpected operational failure prevented resolution.,resolution_timeout,2008.012671000004,21.9494,1981.4119,,2006.3945,3233,11,True,6863,19,11,11,0,True,1702,52,0,0.0001163,,1579.7519749999992,1523.8319200000042,7b7294b3845589dc07164f2408b4f86a2759e4d9552f78b9d0ec5feba40cd420
viewport-baseline-live,458a6b3aedfd4215b0bf28ccc8747125,offscreen-help-v4,4,scope-change,,False,operational: An unexpected operational failure prevented resolution.,resolution_timeout,2003.4235459999982,7.4272,1992.2793,,1999.9519,85,0,True,447,8,1,0,1,True,682,42,0,5.93e-05,,1466.5192830000015,1393.972861000002,fa9fee0d6014b5bc8d0c960f5d427603cc47563ce1936983b0046dbbb7552ca6
viewport-baseline-live,88820d3e369e49b89cbdd73bc130daf8,color-only-reference-v4,4,capability,,False,operational: An unexpected operational failure prevented resolution.,resolution_timeout,2005.7940430000017,22.4937,1981.2846,,2003.8686,705,2,True,1609,10,2,2,0,True,899,45,512,6.683e-05,,1457.9720769999985,1339.3774720000001,507e615e8e0ab0d6afe0210494e0140180d9ab6754d0d0293e565d7c6df482de
viewport-baseline-live,63cdd545db0a444f96a26111b7395a97,control-states-1-v4,4,paired,control-states-1,False,operational: An unexpected operational failure prevented resolution.,resolution_timeout,2003.9203770000022,23.247,1977.1997,,2000.5652,3242,11,True,6863,19,11,11,0,True,1703,46,512,0.00010763,,1412.0518090000041,1362.2068760000038,31023382f6e87e9822c512829e7b647533dca301b96b2fd21f2ebda3159b4d24
viewport-baseline-live,1972ce2995fe470da2c06c087fab7df1,control-states-1-v3,3,paired,control-states-1,True,,,3207.8637490000037,18.1536,3179.6324,8.447099999999864,3206.2399,3095,11,True,5471,19,11,11,0,True,1619,49,0,0.00011035,0.00011035,1118.081502000001,1438.3813359999986,e1a2b386992b41f1a2f88c0df3c45ca30f319be8d73a87c803b4bcbe3e9f79e6
viewport-baseline-live,195410694e4345bf8e7ae2ae63a2a45e,true-absence-v3,3,paired,true-absence,True,,,3707.497653999999,24.5173,3673.7906,7.526000000000295,3705.8464,1196,4,True,2277,12,4,4,0,True,1032,45,512,7.348e-05,7.86e-05,1171.2590150000033,1469.671484999999,8955e2a27a00f003206620e29d2e24dd171bf99ae88e5070f5d2a94625ff12a2
viewport-baseline-live,9b5fbc2b8d82435d9660c449b374d538,true-absence-v4,4,paired,true-absence,False,operational: An unexpected operational failure prevented resolution.,resolution_timeout,2008.0049539999964,10.3307,1992.755,,2003.2352,1277,4,True,2789,12,4,4,0,True,1086,46,512,7.678e-05,,1763.2669979999991,1513.5209190000023,39bea347e00b9497a90b473c6c95b102d7e77e088ac572da0fe1c5c859f8ef47
viewport-baseline-live,736905e40f094cbba71be72bfe15058f,scoped-save-v4,4,paired,scoped-save,False,operational: An unexpected operational failure prevented resolution.,resolution_timeout,2007.4632859999983,10.5686,1993.2312,,2003.9285,1178,4,True,2701,11,4,4,0,True,1057,49,512,7.713e-05,,1996.280000999992,1369.8599519999989,3a37105ca05f8153f7952ace48c89d8522c8a953e3369f43fcf004c870ad6168
viewport-baseline-live,a6e37eae824641e4b2348f7c591a80cf,scoped-save-v3,3,paired,scoped-save,True,,,4315.2663290000055,20.2542,4281.3838,12.210699999999633,4313.8583,1097,4,True,2189,11,4,4,0,True,1003,48,512,7.383e-05,7.895e-05,1258.4085510000004,1987.5725029999885,b7dc6824aab9247c2b1e27783589de2423f318549873939134568d3a76037303
viewport-baseline-live,397bb7d8ebff4f29932583e34c2c49ec,large-visible-prefix-v3,3,paired,large-visible-prefix,True,,,5127.195900000006,24.5264,5088.9669,11.0604000000003,5124.5638,67665,250,True,113436,508,250,250,0,True,22755,47,0,0.00116595,0.00116595,1514.3795409999875,1455.3698210000002,f92eeb8f557aef9618575231e491ebc0b0c282c706666c59398822e8af6408a0
viewport-baseline-live,76f0782863bd4c72930a183be3edf333,large-visible-prefix-v4,4,paired,large-visible-prefix,False,operational: An unexpected operational failure prevented resolution.,resolution_timeout,2004.2259489999997,10.7179,1990.8861,,2001.7069,4819,16,True,9655,508,250,16,234,True,2412,47,512,0.00014368,,1404.2752219999966,1322.3152649999975,43f5a840c039dd8da01f47cd3a85e0131bcfd979079a9f19d7ddc2df73022ff8
viewport-baseline-live,efcda7a5965a44ab8b0d4781c5685dec,plural-visible-scope-v3,3,scope-change,,True,,,4109.708843999993,23.8194,4065.1508000000003,18.99599999999964,4107.9839,893,3,True,1790,11,3,3,0,True,937,139,512,0.00012513,0.00013025,1408.511261000007,1292.8106129999942,bf179271c9809af2297fe697a357c02d248aa1fdea014fa5fb2367028956449f
viewport-baseline-live,1626802abfa9426292a5de07a1fc6b67,action-families-1-v4,4,paired,action-families-1,False,operational: An unexpected operational failure prevented resolution.,resolution_timeout,2002.7851149999915,9.1031,1990.7377999999999,,1999.9631,1746,6,True,3876,13,6,6,0,True,1238,46,512,8.438e-05,,2226.323206000001,1446.481740000003,14884c7057a4f59f454f0e46e3032875eee27cb7b38360227c8a80f2e40ab8e0
viewport-baseline-live,23a6977308b54f5e9bf74aaa071eb150,action-families-1-v3,3,paired,action-families-1,True,,,3579.2599920000066,17.1402,3545.6107,15.052299999999832,3577.8125,1641,6,True,3108,13,6,6,0,True,1176,49,512,8.308e-05,8.82e-05,1382.9247309999919,1414.9267969999928,53a6d91b731553a9bf64aa3831d5cc3e9fa9e9502777a8015ddc3221ec3a2836
viewport-baseline-live,1c074ec77640497581a6e15450dcd84d,control-states-3-v3,3,paired,control-states-3,True,,,4135.588239000004,13.4886,4101.9087,18.20130000000063,4133.6101,3092,11,True,5471,19,11,11,0,True,1618,44,512,0.00010218,0.0001073,1788.0331420000002,1426.1774990000122,0fd7123a76fb1fddb012d49fcd96d9e1977ea81f3b343d6c73d9e9770a08e325
viewport-baseline-live,b3d0b127e5754196b60051dc263a8889,control-states-3-v4,4,paired,control-states-3,False,operational: An unexpected operational failure prevented resolution.,resolution_timeout,2003.9372349999903,14.1669,1986.5801000000001,,2000.9061,3239,11,True,6863,19,11,11,0,True,1702,49,512,0.00010938,,1998.8471969999955,1451.4734009999956,1445a34d2d5401eb7c9708880ca1f3a3d8de18e3f1f1a8991acbf5db743ff5fc
viewport-baseline-live,6005896251db46329ba1da21732a72c9,single-action-plural-confirmations-v4,4,paired,single-action-plural-confirmations,False,operational: An unexpected operational failure prevented resolution.,resolution_timeout,2004.0126090000122,17.5698,1983.1767,,2000.9112,931,3,True,2163,11,3,3,0,True,962,90,512,9.698e-05,,1799.1084260000061,1534.070538,aed8f3918729eb96cc9178d7ef0dec1f223ce6b0746b5499fb4f5076520ae6d1
viewport-baseline-live,62101b633eb6400eb185fa8451d79bd9,single-action-plural-confirmations-v3,3,paired,single-action-plural-confirmations,True,,,4244.847003000003,26.6974,4198.4167,18.214200000000346,4243.3407,896,3,True,1793,11,3,3,0,True,938,139,512,0.00012518,0.0001303,1643.6224740000034,1682.7614880000037,42ca8ffba49efafef38b37ec478998db4a814dd44be98fbd062b29e773779a01
viewport-baseline-live,36ef0d9e2e004cfc930d2b574a3c8491,above-reference-v3,3,paired,above-reference,True,,,4333.985952999996,23.6564,4292.8124,16.026300000000447,4332.5047,879,3,True,1780,14,3,3,0,True,933,51,512,7.213e-05,7.725e-05,1669.8034030000126,1519.2704760000051,8ba76153caa9132c563562e285fc2d56afdb9cb9b5f8f22066513a7cec4c5f97
viewport-baseline-live,1d9cbd7bf8644b4eb573362adee078e9,above-reference-v4,4,paired,above-reference,False,operational: An unexpected operational failure prevented resolution.,resolution_timeout,2003.7317810000095,12.2236,1988.7059,,2001.1072,986,3,True,2168,14,3,3,0,True,1003,48,512,7.383e-05,,1661.789018999989,1487.3072579999862,cfd967d884913c9ee2c800fbed31fc827381b0f166427009d31aa79231b852e3
viewport-baseline-live,c019e453cbea4a0190f9a4c0770940d2,page-injection-v4,4,paired,page-injection,False,operational: An unexpected operational failure prevented resolution.,resolution_timeout,2006.421158000012,8.6694,1995.2082,,2004.0772,1388,4,True,2933,11,4,4,0,True,1089,45,512,7.633e-05,,2368.441657999996,1461.4801739999966,e1d7568f5531250dbdd9c500f199df333bd7ebf7e8e469292dc26ca17be744de
viewport-baseline-live,38d8071db4fc4e648881b893382b29a8,page-injection-v3,3,paired,page-injection,True,,,3857.2792109999864,23.263,3814.0199000000002,18.485199999999622,3855.7787,1307,4,True,2420,11,4,4,0,True,1035,47,512,7.483e-05,7.995e-05,1261.24567199999,1230.8683949999977,04308d82fe257b6cdd0667d75f4a06a277c391d2c9d46fc7a7409ac65e07875e
viewport-baseline-live,39eaa1dfb9754a05992517bb7e889cb3,basic-save-v3,3,paired,basic-save,True,,,3671.523970999988,11.4746,3640.0399,18.487299999999777,3670.0135,1182,4,True,2277,12,4,4,0,True,1030,43,512,7.218e-05,7.73e-05,1350.5458490000165,1461.994829000003,a5379ab657fd17ea99bc6a9d522454ef53329816c75c69d4e4bd9fc818d41d18
viewport-baseline-live,8f3b712f2ba24b7291d4271cd87d9322,basic-save-v4,4,paired,basic-save,False,operational: An unexpected operational failure prevented resolution.,resolution_timeout,2002.7349849999882,24.2346,1976.1334,,2000.4786,1263,4,True,2789,12,4,4,0,True,1084,46,512,7.668e-05,,1399.044160999998,1309.2564470000216,bb2cb42e05e715e1fcd18a1c7f49f792f2812c5131a55bcebf47f28f415a6aac
viewport-baseline-live,645807caa2074d8385bea5d79eee0fe9,clipped-frame-v3,3,scope-change,,True,,,4159.228692000004,37.5095,4094.0320999999994,26.36290000000008,4157.9132,912,3,True,2049,21,3,3,0,True,951,51,512,7.303e-05,7.815e-05,1474.5933519999962,1650.0008119999839,08d5e1b71d13f39ac1fc6b71f713b54e9eaca94262a31b83c42ec5d9b85434fe
viewport-baseline-live,8a0d11f4731f41f793c0615470acb010,plural-visible-scope-v4,4,scope-change,,False,operational: An unexpected operational failure prevented resolution.,resolution_timeout,2001.9876989999902,26.1078,1974.1603,,2000.3358,671,2,True,1595,11,3,2,1,True,880,49,512,6.828e-05,,1910.9430400000128,1534.293868000008,aa570681bcc27a4b85711d86b13d39839d8bf1c94cb6b4a7b565070215b6cd68
viewport-baseline-live,e43ab09f221245bf800e268f1e91701a,unicode-quotes-v4,4,paired,unicode-quotes,False,operational: An unexpected operational failure prevented resolution.,resolution_timeout,2002.880701999995,38.2102,1962.7712,,2001.0491,763,2,True,1608,10,2,2,0,True,928,50,512,7.128e-05,,1389.664688000019,1587.6801790000172,42fe8ef78d29dbea8d6568a4e90814ba733334aad6d8116ed3395e9196a9b641
viewport-baseline-live,1c7fdd0f82e9403da129c8cd1b486867,unicode-quotes-v3,3,paired,unicode-quotes,True,,,3870.743789,25.7353,3828.8846000000003,14.62559999999985,3869.2633,684,2,True,1346,10,2,2,0,True,878,48,512,6.758e-05,7.27e-05,1390.1304119999986,1544.6978270000254,d7deb7c34b9c610a735dbd56fb1f16469182dc7562c7bab8ca65d618fe62a976
viewport-baseline-live,be6605c0e53d4159be4484f4b20742be,color-only-reference-v3,3,capability,,False,outcome: Request outcome differs from its label.; summary: Request summary differs from its label.; outcome: Action 1 outcome differs from its label.; target_state: Action 1 state differs from its label.; interactability: Action 1 readiness differs from its label.,,3847.6635550000065,24.5415,3814.5409,7.0986000000002605,3846.1901,618,2,True,1339,10,2,2,0,True,849,45,512,6.433e-05,6.945e-05,1599.1193630000053,1517.942670999997,9edbb8246216fb3d10ed7e4781b71eabe4e23378c193b52b10ad8a770a864c88
viewport-baseline-live,efc7d954804445879b3e10fe027e0986,clipped-frame-v4,4,scope-change,,False,operational: An unexpected operational failure prevented resolution.,resolution_timeout,2002.3025060000073,38.13,1961.7689999999998,,2000.0015,674,2,True,1720,21,3,2,1,True,887,51,512,6.983e-05,,1351.4411289999844,1410.2924240000139,83ce361e1cc910cdcc905963628f2f888031b60b5521e1ab414357b4a6a9b624
viewport-baseline-live,6f3fe2b3178f459c8a9ed56c500c7099,offscreen-help-v3,3,scope-change,,True,,,3798.708341999998,23.9346,3759.323,13.956900000000132,3797.2257,311,1,True,877,8,1,1,0,True,752,42,512,5.768e-05,6.28e-05,1376.448608000006,1423.2917970000126,4d454fc325637aa0fff9ce90e0d8b256b709f104bf53f90237b15ba5a7265fe2
viewport-baseline-live-v2,3085c8226f384ff2a3b191847e71a9a8,control-states-2-v3,3,paired,control-states-2,True,,,1077.0513250000004,24.5055,1032.1514,17.93250000000012,1074.599,3086,11,True,5471,19,11,11,0,True,1618,47,1536,9.374e-05,0.0001091,1926.6403869999995,1787.8129130000016,1e723eba4b4af6e6e10d0c80fe1a4e9d261e36ae03a674aab37a6f31e84ec0e9
viewport-baseline-live-v2,2df99a3cef5a4ecf9770a3944af75814,control-states-2-v4,4,paired,control-states-2,True,,,818.6071789999987,16.5638,779.9565,20.560799999999972,817.0917,3233,11,True,6863,19,11,11,0,True,1702,45,1536,9.674e-05,,1486.8374330000006,1660.2601070000019,694143d3d75d77199e3c6bbafc29dd344439a94936ed5d6f244bb0ae45449e37
viewport-baseline-live-v2,4d00972e4dc443a5851f6a440af37366,offscreen-help-v4,4,scope-change,,False,operational: An unexpected operational failure prevented resolution.,decomposition_incomplete,700.2336690000011,6.9694,683.4818,,695.1185,85,0,True,447,8,1,0,1,True,682,10,512,3.498e-05,,1453.1400080000021,1305.1374140000044,3a7d74d1c6a149bf87a9696676ec4a0c61d60b79458db17a247f1132f711366e
viewport-baseline-live-v2,15fb0a40abd04600877209cb63410e7b,color-only-reference-v4,4,capability,,True,,,928.4197219999987,26.87,880.6166,19.46690000000001,926.9667,705,2,True,1609,10,2,2,0,True,899,46,768,6.487e-05,,1365.1773329999996,1472.4686690000017,a6e197a205e27c8e7bd4bb39415c5673ca7799428e99d220d6b435023c9a7348
viewport-baseline-live-v2,80757797f7914ae5851ddc47186165c8,control-states-1-v4,4,paired,control-states-1,True,,,806.1322110000037,23.377,770.3042,11.140300000000025,804.8295,3242,11,True,6863,19,11,11,0,True,1703,48,1536,9.859e-05,,1704.3199299999978,1120.5161450000014,f368f2be15fcd6ae26f623f44036278c7e76565b6c4ebc25a2fccb0c3e8ae665
viewport-baseline-live-v2,9ebd37f8c3184903a14f207d2dd0a2ab,control-states-1-v3,3,paired,control-states-1,True,,,801.4994179999994,22.1109,762.9039,15.104299999999967,800.1311,3095,11,True,5471,19,11,11,0,True,1619,45,1536,9.259e-05,0.00010795,1398.9274929999956,1212.7029380000022,c25935dd67eda43ceef36a42d86ad78e19c6d82c861d0f60faf436e3b5fee439
viewport-baseline-live-v2,178a9a0918374a68a6da2dc1a1b359c3,true-absence-v3,3,paired,true-absence,True,,,835.9684999999954,12.6601,809.5020999999999,12.535700000000134,834.7077,1196,4,True,2277,12,4,4,0,True,1032,44,1024,6.776e-05,7.8e-05,1313.0426089999964,1391.5592350000006,18b25df56f78df59cda2238f27862d229896799c08a02a337dd5539c95eef062
viewport-baseline-live-v2,404c36edc636431a80a7742fb56ef659,true-absence-v4,4,paired,true-absence,True,,,924.9040860000023,12.633,897.0514999999999,13.698500000000081,923.3955,1277,4,True,2789,12,4,4,0,True,1086,46,1024,7.166e-05,,1333.1390230000034,1595.5190310000035,59717ce357bb866e966678b3d63060b71fdaf329899fadb9f66fa6e2133056d6
viewport-baseline-live-v2,27bb1d63d0ac4f7b8365e2d7f150f18a,scoped-save-v4,4,paired,scoped-save,True,,,795.7619510000077,15.8374,759.5294,19.02139999999997,794.3996,1178,4,True,2701,11,4,4,0,True,1057,49,1024,7.201e-05,,1267.886682999997,1395.396643999993,c6323fc2c819216c8e6c7e3c7c418433fcd6377392c14fbc27de9421cbebfe8c
viewport-baseline-live-v2,dc93f9d474394ef4ac46954fa0815bd8,scoped-save-v3,3,paired,scoped-save,True,,,823.114075999998,9.1089,794.3031000000001,18.33960000000002,821.7615,1097,4,True,2189,11,4,4,0,True,1003,48,768,7.127e-05,7.895e-05,1770.6941579999984,1417.0264730000054,ce164c14c9c7255b111c5c535d8b3ee8b49ada44815684175c2599f96aa4b0d8
viewport-baseline-live-v2,d9768832c55d4993bcac47df1bc7caa1,large-visible-prefix-v3,3,paired,large-visible-prefix,True,,,14538.118813000008,25.0005,14489.376,20.401899999998932,14534.7908,67665,250,True,113435,508,250,250,0,True,22755,54,0,0.00117015,0.00117015,1230.726257000002,1941.6920119999995,4d3d9e83311492a76c56b7ad6cae2244817e07907351e6ab3681eeadac2e1735
viewport-baseline-live-v2,fc638bc6846243f9880d3ad3b25d2f59,large-visible-prefix-v4,4,paired,large-visible-prefix,True,,,877.7990640000062,11.1362,846.2287,17.827999999999975,875.2046,4819,16,True,9655,508,250,16,234,True,2412,47,2304,0.00012576,,1552.3282069999987,1563.0069550000044,3d3fce5ccbba8fe13dd145573bbf465368bf52011166bf4904387a0ae034ca29
viewport-baseline-live-v2,24168fea8a184ed9a56fc9e0e8244219,plural-visible-scope-v3,3,scope-change,,True,,,958.2856880000036,12.9373,925.1279999999999,18.888300000000072,956.9665,893,3,True,1790,11,3,3,0,True,937,90,768,9.317e-05,0.00010085,1327.3383230000036,1309.0356949999987,0f2e203fc30d0716be82a67ff5329e1de1ed4025a3383cfe91a2a4d95dba6435
viewport-baseline-live-v2,be113d5d90334ae2ba295fce183f8968,action-families-1-v4,4,paired,action-families-1,True,,,700.7076799999923,8.1912,669.6372,21.36500000000001,699.2079,1746,6,True,3876,13,6,6,0,True,1238,46,1024,7.926e-05,,1326.4653189999954,1470.6121530000091,95202114369fccc0dbd5b968a40c56e679de42aa0cb2612081cbc6b1600daf06
viewport-baseline-live-v2,b24b6d5f6a3441098de42e60e3ba3cda,action-families-1-v3,3,paired,action-families-1,True,,,755.279303999996,11.2204,725.8754,16.89779999999996,754.0065,1641,6,True,3108,13,6,6,0,True,1176,48,1024,7.736e-05,8.76e-05,1499.6309429999965,1319.0704790000018,ab562573a45d51e15e44cd6f6bc9e3db67484702fc8c9b86bb3375005120b1f2
viewport-baseline-live-v2,1f32b1563439414f930e5dcecde6dc27,control-states-3-v3,3,paired,control-states-3,True,,,825.5378040000069,20.1691,785.0959,18.818200000000047,824.0928,3092,11,True,5471,19,11,11,0,True,1618,44,1536,9.194e-05,0.0001073,1459.345021000001,1303.6681420000095,72206df0c6b7138b36448f4cf0f172c17eb64143f0f0823d2c2f97852a601d16
viewport-baseline-live-v2,313d8e302e094d7da050fe10e6681f7c,control-states-3-v4,4,paired,control-states-3,True,,,809.1807589999953,24.8606,764.8253,18.026300000000106,807.7241,3239,11,True,6863,19,11,11,0,True,1702,45,1536,9.674e-05,,1397.2249760000122,1538.909765999997,822d8a5a933be54116b60e7db6625665602c0ac7bba8f0fdb4b6f6c9294296e4
viewport-baseline-live-v2,cdd35be17a7148b29182b057e915895c,single-action-plural-confirmations-v4,4,paired,single-action-plural-confirmations,False,"action_decomposition: Action 2 differs in order, step or action type.",,999.7097170000052,18.1734,957.9153,22.151499999999942,998.2508,931,3,True,2163,11,3,3,0,True,962,80,768,8.842e-05,,1258.4928040000086,1474.6526789999916,f2fa378a4e03b2d01ddcd5c3c0983ee3b6070f8402dd6ee33939ccf857719269
viewport-baseline-live-v2,6714b2d0002949cead804e45ad739e8a,single-action-plural-confirmations-v3,3,paired,single-action-plural-confirmations,True,,,828.4477139999944,15.2254,790.2480999999999,21.624700000000075,827.1112,896,3,True,1793,11,3,3,0,True,938,86,768,9.082e-05,9.85e-05,1360.115009000001,1745.9946339999879,52f260237f0cf9f52b3dbc49e28975907007dbc38436dd7886aacc4085804174
viewport-baseline-live-v2,768571620e79418384044c94d3a9caef,above-reference-v3,3,paired,above-reference,True,,,759.877794,15.453,727.7872,15.335800000000063,758.5847,879,3,True,1780,14,3,3,0,True,933,48,768,6.777e-05,7.545e-05,1563.5330479999975,1258.6697110000096,883294a479fddaddddcf19f77fa81a4a9e9392f275338776151e9dcbdb993cbc
viewport-baseline-live-v2,6a99ff4794c241dfa5cfe374100be7c8,above-reference-v4,4,paired,above-reference,True,,,674.9397499999905,12.1286,645.5488,15.96569999999997,673.6542,986,3,True,2169,14,3,3,0,True,1003,50,768,7.247e-05,,1482.8206680000003,1551.6229989999847,3070917c567e39f95bb4153211abf661559d8b77dc72724eb10f880b1bc04f7a
viewport-baseline-live-v2,1fa44045cb6448deba96177d9d55d456,page-injection-v4,4,paired,page-injection,True,,,778.6987059999956,14.0466,744.8048,18.486800000000017,777.3497,1388,4,True,2933,11,4,4,0,True,1089,44,1024,7.061e-05,,1697.7778730000136,1206.6635800000222,2a7bf602f99ede2bdd630f97c332571042186c3f0bcc0b4772423f1de2de2e6f
viewport-baseline-live-v2,964ab63d16a64119833085c93e83a28f,page-injection-v3,3,paired,page-injection,True,,,906.5818290000025,13.1575,873.5657,17.694799999999987,904.428,1307,4,True,2421,11,4,4,0,True,1035,45,1024,6.851e-05,7.875e-05,1621.7742440000002,1365.6508259999973,ba286745aa49b57d00f818eff3c895a28f7ccd16a7bb00b8cf1ba28fb5b773ac
viewport-baseline-live-v2,179ba0fa3a6d462792fd731f86a5e672,basic-save-v3,3,paired,basic-save,True,,,792.4842440000211,15.7805,756.9862,18.157100000000014,790.9373,1182,4,True,2276,12,4,4,0,True,1030,45,1024,6.826e-05,7.85e-05,1380.0788240000256,1464.3523630000127,cdb1f5cbd40d331a7a814d9a31d5ca49c325330f3d3903f543f41c6164df546a
viewport-baseline-live-v2,0ded13c4f13b4f56901a893369f0f3fd,basic-save-v4,4,paired,basic-save,True,,,794.0594920000003,12.474,761.0587999999999,19.21010000000001,792.7526,1263,4,True,2789,12,4,4,0,True,1084,45,1024,7.096e-05,,1200.4149479999905,1414.3184020000044,15219aa15489d03893206d88ff8e6f2899ec3a7c2dbb208c1ee395ebeb160049
viewport-baseline-live-v2,0a8a570ae42843cd86e186dff8f64d5b,clipped-frame-v3,3,scope-change,,True,,,1082.008486000006,38.9029,1023.6968999999999,17.88980000000015,1080.4992,912,3,True,2050,21,3,3,0,True,951,56,768,7.347e-05,8.115e-05,1425.0980669999844,1389.3871900000086,842940cd9fab7b97b465c36140d0f6cc1eec031b7dfa2200d219a725d8f9e27d
viewport-baseline-live-v2,5e8ee621da554831be23b426d3459472,plural-visible-scope-v4,4,scope-change,,True,,,853.9939869999944,25.1856,808.3971,19.026399999999967,852.6276,671,2,True,1595,11,3,2,1,True,880,51,768,6.692e-05,,1361.0748139999923,1434.3589769999962,0813da9507ddfadda2fba5ba89b015d6abde951d139531e9e36980f026536b71
viewport-baseline-live-v2,f9e77354e65d440f8bee1563f5157c7f,unicode-quotes-v4,4,paired,unicode-quotes,True,,,799.7938189999841,26.7451,753.2131,18.324899999999957,798.3017,763,2,True,1608,10,2,2,0,True,928,50,768,6.872e-05,,1447.94843400002,1825.0383410000068,0dd3cc9a2df2e34b7869881f6bc98ddc9bbeb59269a882e9332df38e2f9cb89a
viewport-baseline-live-v2,89f94aa09ed941bab4e23951f7ce4b02,unicode-quotes-v3,3,paired,unicode-quotes,True,,,900.596898000018,22.1461,854.813,21.644900000000007,898.6186,684,2,True,1346,10,2,2,0,True,878,54,768,6.862e-05,7.63e-05,1524.9115119999915,1268.6531390000018,e868db2753cdd0eb63a963e459a3e0ab00f0de1df1f92f28b64ff9d4654457fa
viewport-baseline-live-v2,427dc22dd2454cdea1bf80f40f8a4108,color-only-reference-v3,3,capability,,False,"outcome: Request outcome differs from its label.; summary: Request summary differs from its label.; action_decomposition: Action 1 differs in order, step or action type.; outcome: Action 1 outcome differs from its label.; target_state: Action 1 state differs from its label.; interactability: Action 1 readiness differs from its label.",,868.5325630000152,24.6598,830.3954,12.201799999999935,867.2716,618,2,True,1339,10,2,2,0,True,849,45,768,6.177e-05,6.945e-05,1246.0450560000027,1424.2588410000026,02a940267c01f49426ef4ed2abfb0ce7d2c7d98ab76e33896f2d56d2f27ee8fc
viewport-baseline-live-v2,b5b1849c935846afa33ebeed64e1dd06,clipped-frame-v4,4,scope-change,,True,,,1126.957721999992,40.4637,1064.8904,20.37110000000007,1125.735,674,2,True,1720,21,3,2,1,True,887,51,768,6.727e-05,,1423.2022979999892,1458.925253000023,103fc7ccbce0553a5d476c3ecb89817b1e13589d8500e9c41c2787a6e810282d
viewport-baseline-live-v2,a799026cdd8c4d6fa3d5e0fbbd215d3c,offscreen-help-v3,3,scope-change,,True,,,790.3892700000142,16.6809,751.9757000000001,20.4307,789.0995,311,1,True,877,8,1,1,0,True,752,44,512,5.888e-05,6.4e-05,1404.1727119999996,1248.579797000013,da4c647e2fe3ba076a5949faaab2c8189d4df5948783d9b218dfeb2953fa46b0
